{
  "best_model": "MoE_only",
  "test_mae": 1.4309005737304688,
  "test_spearman": 0.16813186813186812,
  "test_r2": -0.018994928387912724,
  "all_results": [
    {
      "model": "StrongNH3Predictor",
      "mae": 0.5371784448623658,
      "mae_std": 0.05807078822055849,
      "spearman": 0.09388900175454798,
      "spearman_std": 0.09379639216328264,
      "r2": -0.20549534149406976
    },
    {
      "model": "DeepEnsemble",
      "mae": 0.5476602017879486,
      "mae_std": 0.049120502277688195,
      "spearman": 0.08839597377412503,
      "spearman_std": 0.11529617602075652,
      "r2": -0.18405474544529707
    },
    {
      "model": "MoE_only",
      "mae": 0.5297781705856324,
      "mae_std": 0.03897863737441848,
      "spearman": 0.1063983747345092,
      "spearman_std": 0.09415786775489098,
      "r2": -0.10022240364010566
    }
  ],
  "timestamp": "2026-01-30T07:07:58.158621"
}